Chr	SNP_ID	HG19	Gene_name	Gene_ID
1	rs3748817	2525665	AL139246.3	ENSG00000228037
1	rs3748817	2525665	AL139246.4	ENSG00000229393
1	rs3748817	2525665	AL139246.5	ENSG00000272449
1	rs3748817	2525665	AL831784.1	ENSG00000237058
1	rs3748817	2525665	FAM213B	ENSG00000157870
1	rs3748817	2525665	HES5	ENSG00000197921
1	rs3748817	2525665	MMEL1	ENSG00000142606
1	rs3748817	2525665	PANK4	ENSG00000157881
1	rs3748817	2525665	PLCH2	ENSG00000149527
1	rs3748817	2525665	TNFRSF14	ENSG00000157873
1	rs3748817	2525665	TNFRSF14-AS1	ENSG00000238164
1	rs3748817	2525665	TTC34	ENSG00000215912
1	rs3007421	6530189	ACOT7	ENSG00000097021
1	rs3007421	6530189	AL031848.1	ENSG00000231868
1	rs3007421	6530189	AL031848.2	ENSG00000271746
1	rs3007421	6530189	ESPN	ENSG00000187017
1	rs3007421	6530189	HES2	ENSG00000069812
1	rs3007421	6530189	NOL9	ENSG00000162408
1	rs3007421	6530189	PLEKHG5	ENSG00000171680
1	rs3007421	6530189	TAS1R1	ENSG00000173662
1	rs3007421	6530189	TNFRSF25	ENSG00000215788
1	rs1801133	11856378	AGTRAP	ENSG00000177674
1	rs1801133	11856378	AL953897.1	ENSG00000177553
1	rs1801133	11856378	C1orf167	ENSG00000215910
1	rs1801133	11856378	CLCN6	ENSG00000011021
1	rs1801133	11856378	DRAXIN	ENSG00000162490
1	rs1801133	11856378	MTHFR	ENSG00000177000
1	rs1801133	11856378	NPPA	ENSG00000175206
1	rs1801133	11856378	NPPA-AS1	ENSG00000242349
1	rs1801133	11856378	NPPB	ENSG00000120937
1	rs13551	24180962	AL590609.3	ENSG00000232557
1	rs13551	24180962	CNR2	ENSG00000188822
1	rs13551	24180962	ELOA	ENSG00000011007
1	rs13551	24180962	ELOA-AS1	ENSG00000236810
1	rs13551	24180962	FUCA1	ENSG00000179163
1	rs13551	24180962	GALE	ENSG00000117308
1	rs13551	24180962	HMGCL	ENSG00000117305
1	rs13551	24180962	LYPLA2	ENSG00000011009
1	rs13551	24180962	PITHD1	ENSG00000057757
1	rs7550552	25299602	AL050344.1	ENSG00000233755
1	rs7550552	25299602	AL445471.1	ENSG00000229162
1	rs7550552	25299602	AL445471.2	ENSG00000261025
1	rs7550552	25299602	RUNX3	ENSG00000020633
1	rs10914539	32715641	AL049795.1	ENSG00000224066
1	rs10914539	32715641	AL109945.1	ENSG00000233775
1	rs10914539	32715641	CCDC28B	ENSG00000160050
1	rs10914539	32715641	DCDC2B	ENSG00000222046
1	rs10914539	32715641	EIF3I	ENSG00000084623
1	rs10914539	32715641	FAM167B	ENSG00000183615
1	rs10914539	32715641	HDAC1	ENSG00000116478
1	rs10914539	32715641	IQCC	ENSG00000160051
1	rs10914539	32715641	KPNA6	ENSG00000025800
1	rs10914539	32715641	LCK	ENSG00000182866
1	rs10914539	32715641	MARCKSL1	ENSG00000175130
1	rs10914539	32715641	TMEM234	ENSG00000160055
1	rs10914539	32715641	TXLNA	ENSG00000084652
1	rs72922276	65429319	AL357078.3	ENSG00000272506
1	rs72922276	65429319	JAK1	ENSG00000162434
1	rs12087340	85746993	AL078459.1	ENSG00000223653
1	rs12087340	85746993	BCL10	ENSG00000142867
1	rs12087340	85746993	C1orf52	ENSG00000162642
1	rs12087340	85746993	DDAH1	ENSG00000153904
1	rs12087340	85746993	SYDE2	ENSG00000097096
1	rs233100	85772009	AL078459.1	ENSG00000223653
1	rs233100	85772009	BCL10	ENSG00000142867
1	rs233100	85772009	C1orf52	ENSG00000162642
1	rs233100	85772009	DDAH1	ENSG00000153904
1	rs9887787	92222143	TGFBR3	ENSG00000069702
1	rs58394161	92939959	EVI5	ENSG00000067208
1	rs58394161	92939959	GFI1	ENSG00000162676
1	rs58394161	92939959	RPAP2	ENSG00000122484
1	rs11577426	93160238	EVI5	ENSG00000067208
1	rs10747454	93429247	FAM69A	ENSG00000154511
1	rs12132283	101294036	AC104506.1	ENSG00000273204
1	rs12132283	101294036	EXTL2	ENSG00000162694
1	rs12132283	101294036	SLC30A7	ENSG00000162695
1	rs12132283	101294036	VCAM1	ENSG00000162692
1	rs11587215	101311662	AC104506.1	ENSG00000273204
1	rs11587215	101311662	EXTL2	ENSG00000162694
1	rs11587215	101311662	SLC30A7	ENSG00000162695
1	rs1335532	117100957	AL390066.1	ENSG00000224950
1	rs1335532	117100957	CD58	ENSG00000116815
1	rs1335532	117100957	IGSF3	ENSG00000143061
1	rs1335532	117100957	LINC01762	ENSG00000233154
1	rs541503	120208297	HMGCS2	ENSG00000134240
1	rs541503	120208297	PHGDH	ENSG00000092621
1	rs541503	120208297	ZNF697	ENSG00000143067
1	rs113012729	154977113	ADAM15	ENSG00000143537
1	rs113012729	154977113	AL451085.1	ENSG00000270361
1	rs113012729	154977113	AL451085.2	ENSG00000271380
1	rs113012729	154977113	AL691442.1	ENSG00000251246
1	rs113012729	154977113	CKS1B	ENSG00000173207
1	rs113012729	154977113	DCST1	ENSG00000163357
1	rs113012729	154977113	DCST1-AS1	ENSG00000232093
1	rs113012729	154977113	DCST2	ENSG00000163354
1	rs113012729	154977113	EFNA3	ENSG00000143590
1	rs113012729	154977113	EFNA4	ENSG00000243364
1	rs113012729	154977113	FLAD1	ENSG00000160688
1	rs113012729	154977113	LENEP	ENSG00000163352
1	rs113012729	154977113	PBXIP1	ENSG00000163346
1	rs113012729	154977113	PMVK	ENSG00000163344
1	rs113012729	154977113	PYGO2	ENSG00000163348
1	rs113012729	154977113	SHC1	ENSG00000160691
1	rs113012729	154977113	ZBTB7B	ENSG00000160685
1	rs3761959	157669278	AL356276.1	ENSG00000227217
1	rs3761959	157669278	FCRL1	ENSG00000163534
1	rs3761959	157669278	FCRL2	ENSG00000132704
1	rs3761959	157669278	FCRL3	ENSG00000160856
1	rs12086448	160393905	COPA	ENSG00000122218
1	rs12086448	160393905	NCSTN	ENSG00000162736
1	rs12086448	160393905	NHLH1	ENSG00000171786
1	rs12086448	160393905	SLAMF6	ENSG00000162739
1	rs12086448	160393905	VANGL2	ENSG00000162738
1	rs6427540	160634588	AL121985.1	ENSG00000228863
1	rs6427540	160634588	AL138930.1	ENSG00000234425
1	rs6427540	160634588	CD48	ENSG00000117091
1	rs6427540	160634588	CD84	ENSG00000066294
1	rs6427540	160634588	SLAMF1	ENSG00000117090
1	rs6427540	160634588	SLAMF7	ENSG00000026751
1	rs3766374	160720554	AL121985.1	ENSG00000228863
1	rs3766374	160720554	CD244	ENSG00000122223
1	rs3766374	160720554	CD48	ENSG00000117091
1	rs3766374	160720554	LY9	ENSG00000122224
1	rs3766374	160720554	SLAMF7	ENSG00000026751
1	rs1323292	192541021	AL136987.1	ENSG00000236069
1	rs1323292	192541021	AL390957.1	ENSG00000285280
1	rs1323292	192541021	RGS1	ENSG00000090104
1	rs1323292	192541021	RGS13	ENSG00000127074
1	rs59655222	200875897	CAMSAP2	ENSG00000118200
1	rs59655222	200875897	GPR25	ENSG00000170128
1	rs59655222	200875897	INAVA	ENSG00000163362
1	rs59655222	200875897	KIF21B	ENSG00000116852
1	rs9308424	212877776	AL590648.2	ENSG00000235862
1	rs9308424	212877776	AL590648.3	ENSG00000237980
1	rs9308424	212877776	ATF3	ENSG00000162772
1	rs9308424	212877776	BATF3	ENSG00000123685
1	rs9308424	212877776	FAM71A	ENSG00000162771
1	rs9308424	212877776	NSL1	ENSG00000117697
1	rs9308424	212877776	TATDN3	ENSG00000203705
2	rs1534422	12640741	AC096559.1	ENSG00000223360
2	rs1534422	12640741	MIR3681HG	ENSG00000224184
2	rs2082881	25038268	AC012073.1	ENSG00000271936
2	rs2082881	25038268	ADCY3	ENSG00000138031
2	rs2082881	25038268	CENPO	ENSG00000138092
2	rs2082881	25038268	NCOA1	ENSG00000084676
2	rs2082881	25038268	PTRHD1	ENSG00000184924
2	rs10171296	30481309	LBH	ENSG00000213626
2	rs10171296	30481309	LINC01936	ENSG00000235997
2	rs10171296	30481309	YPEL5	ENSG00000119801
2	rs17030410	43356490	LINC01126	ENSG00000279873
2	rs17030410	43356490	LINC01819	ENSG00000231826
2	rs17030410	43356490	LINC02580	ENSG00000230587
2	rs17030410	43356490	LINC02590	ENSG00000233978
2	rs17030410	43356490	ZFP36L2	ENSG00000152518
2	rs2278300	61176073	LINC01185	ENSG00000228414
2	rs2278300	61176073	PEX13	ENSG00000162928
2	rs2278300	61176073	PUS10	ENSG00000162927
2	rs2278300	61176073	REL	ENSG00000162924
2	rs11673987	65597671	AC012370.2	ENSG00000234255
2	rs11673987	65597671	ACTR2	ENSG00000138071
2	rs11673987	65597671	SPRED2	ENSG00000198369
2	rs3816281	68607947	AC015969.1	ENSG00000203395
2	rs3816281	68607947	APLF	ENSG00000169621
2	rs3816281	68607947	CNRIP1	ENSG00000119865
2	rs3816281	68607947	FBXO48	ENSG00000204923
2	rs3816281	68607947	PLEK	ENSG00000115956
2	rs12373588	112466265	AC017002.2	ENSG00000225744
2	rs12373588	112466265	AC017002.5	ENSG00000280878
2	rs12373588	112466265	ANAPC1	ENSG00000153107
2	rs57116599	112770799	MERTK	ENSG00000153208
2	rs57116599	112770799	TMEM87B	ENSG00000153214
2	rs11897084	136861225	AC068492.1	ENSG00000237262
2	rs11897084	136861225	CXCR4	ENSG00000121966
2	rs11897084	136861225	DARS-AS1	ENSG00000231890
2	rs6738544	191989356	STAT4	ENSG00000138378
2	rs6435203	204611195	CD28	ENSG00000178562
2	rs35540610	231121829	AC009950.1	ENSG00000225963
2	rs35540610	231121829	SP110	ENSG00000135899
2	rs35540610	231121829	SP140	ENSG00000079263
2	rs35540610	231121829	SP140L	ENSG00000185404
3	rs12330493	27791614	EOMES	ENSG00000163508
3	rs12330493	27791614	LINC01980	ENSG00000225548
3	rs12330493	27791614	LINC01981	ENSG00000229243
3	rs12330493	27791614	LINC02084	ENSG00000272282
3	rs438613	28072086	LINC01967	ENSG00000235493
3	rs438613	28072086	LINC01980	ENSG00000225548
3	rs6550177	32979088	CCR4	ENSG00000183813
3	rs6550177	32979088	GLB1	ENSG00000170266
3	rs6550177	32979088	TRIM71	ENSG00000206557
3	rs9878602	71535338	AC097634.1	ENSG00000270562
3	rs9878602	71535338	AC097634.2	ENSG00000274387
3	rs9878602	71535338	AC097634.3	ENSG00000277855
3	rs9878602	71535338	FOXP1	ENSG00000114861
3	rs77958473	100902575	IMPG2	ENSG00000081148
3	rs771767	101748638	AC106712.1	ENSG00000241280
3	rs771767	101748638	LINC02085	ENSG00000214407
3	rs771767	101748638	ZPLD1	ENSG00000170044
3	rs2289746	105455955	CBLB	ENSG00000114423
3	rs138433213	112693983	AC074044.1	ENSG00000272844
3	rs138433213	112693983	AC078785.1	ENSG00000240057
3	rs138433213	112693983	AC078785.2	ENSG00000241219
3	rs138433213	112693983	CD200R1	ENSG00000163606
3	rs138433213	112693983	GTPBP8	ENSG00000163607
3	rs138433213	112693983	NEPRO	ENSG00000163608
3	rs9843355	119228508	AC073352.1	ENSG00000272662
3	rs9843355	119228508	AC073352.2	ENSG00000272967
3	rs9843355	119228508	ADPRH	ENSG00000144843
3	rs9843355	119228508	ARHGAP31	ENSG00000031081
3	rs9843355	119228508	CD80	ENSG00000121594
3	rs9843355	119228508	PLA1A	ENSG00000144837
3	rs9843355	119228508	POGLUT1	ENSG00000163389
3	rs9843355	119228508	TIMMDC1	ENSG00000113845
3	rs9843355	119228508	TMEM39A	ENSG00000176142
3	rs12695416	121551570	EAF2	ENSG00000145088
3	rs12695416	121551570	GOLGB1	ENSG00000173230
3	rs12695416	121551570	IQCB1	ENSG00000173226
3	rs12695416	121551570	SLC15A2	ENSG00000163406
3	rs2255214	121770539	CD86	ENSG00000114013
3	rs2255214	121770539	ILDR1	ENSG00000145103
3	rs9282641	121796768	CD86	ENSG00000114013
3	rs9282641	121796768	ILDR1	ENSG00000145103
3	rs9846396	141140968	AC117383.1	ENSG00000249417
3	rs9846396	141140968	PXYLP1	ENSG00000155893
3	rs9846396	141140968	RASA2	ENSG00000155903
3	rs9846396	141140968	ZBTB38	ENSG00000177311
3	rs75029101	159628081	IL12A	ENSG00000168811
3	rs75029101	159628081	IL12A-AS1	ENSG00000244040
3	rs75029101	159628081	IQCJ-SCHIP1	ENSG00000283154
3	rs75029101	159628081	SCHIP1	ENSG00000151967
3	rs1014486	159691112	IL12A	ENSG00000168811
3	rs1014486	159691112	IL12A-AS1	ENSG00000244040
3	rs1014486	159691112	IQCJ-SCHIP1	ENSG00000283154
3	rs1014486	159691112	LINC01100	ENSG00000242107
3	rs1014486	159691112	SCHIP1	ENSG00000151967
3	rs10936599	169492101	AC078795.1	ENSG00000269984
3	rs10936599	169492101	AC078795.2	ENSG00000270096
3	rs10936599	169492101	AC078795.3	ENSG00000270135
3	rs10936599	169492101	AC078802.1	ENSG00000269889
3	rs10936599	169492101	ACTRT3	ENSG00000184378
3	rs10936599	169492101	LRRC31	ENSG00000114248
3	rs10936599	169492101	LRRC34	ENSG00000171757
3	rs10936599	169492101	LRRIQ4	ENSG00000188306
3	rs10936599	169492101	MYNN	ENSG00000085274
3	rs10936599	169492101	TERC	ENSG00000270141
3	rs969625	187567888	AC068295.1	ENSG00000236864
3	rs969625	187567888	AC108681.1	ENSG00000224049
3	rs9839229	188000625	LPP	ENSG00000145012
4	rs6832151	40303633	AC095057.2	ENSG00000250338
4	rs6832151	40303633	CHRNA9	ENSG00000174343
4	rs6832151	40303633	LINC02265	ENSG00000249241
4	rs6832151	40303633	RHOH	ENSG00000168421
4	rs17470892	48143201	TEC	ENSG00000135605
4	rs17470892	48143201	TXK	ENSG00000074966
4	rs2705618	87837546	AC093827.4	ENSG00000284968
4	rs2705618	87837546	AC093827.5	ENSG00000285458
4	rs2705618	87837546	AFF1	ENSG00000172493
4	rs2705618	87837546	C4orf36	ENSG00000163633
4	rs2705618	87837546	SLC10A6	ENSG00000145283
4	rs7665090	103551603	MANBA	ENSG00000109323
4	rs7665090	103551603	NFKB1	ENSG00000109320
4	rs2726518	106173199	TET2	ENSG00000168769
4	rs2726518	106173199	TET2-AS1	ENSG00000251586
4	rs7690934	109025865	HADH	ENSG00000138796
4	rs7690934	109025865	LEF1	ENSG00000138795
4	rs17051321	122119449	TNIP3	ENSG00000050730
4	rs13150896	164499489	MARCH1	ENSG00000145416
4	rs13150896	164499489	AC093788.1	ENSG00000273449
4	rs13150896	164499489	TMA16	ENSG00000198498
5	rs34681760	6712834	AC122710.2	ENSG00000251365
5	rs34681760	6712834	AC122710.3	ENSG00000272071
5	rs34681760	6712834	LINC02102	ENSG00000248677
5	rs34681760	6712834	LINC02236	ENSG00000249734
5	rs34681760	6712834	NSUN2	ENSG00000037474
5	rs34681760	6712834	SRD5A1	ENSG00000145545
5	rs34681760	6712834	TENT4A	ENSG00000112941
5	rs11567694	35857704	AC112204.2	ENSG00000249748
5	rs11567694	35857704	AC137810.1	ENSG00000248969
5	rs11567694	35857704	CAPSL	ENSG00000152611
5	rs11567694	35857704	IL7R	ENSG00000168685
5	rs11567694	35857704	SPEF2	ENSG00000152582
5	rs11567694	35857704	UGT3A1	ENSG00000145626
5	rs11740512	40424048	AC093277.1	ENSG00000283286
5	rs11740512	40424048	TTC33	ENSG00000113638
5	rs9292776	40437845	AC093277.1	ENSG00000283286
5	rs9292776	40437845	TTC33	ENSG00000113638
5	rs71624119	55440730	AC008892.1	ENSG00000249236
5	rs71624119	55440730	ANKRD55	ENSG00000164512
5	rs32658	118703662	HSD17B4	ENSG00000133835
5	rs32658	118703662	TNFAIP8	ENSG00000145779
5	rs756699	133446575	AC104109.3	ENSG00000272772
5	rs756699	133446575	PPP2CA	ENSG00000113575
5	rs756699	133446575	SKP1	ENSG00000113558
5	rs756699	133446575	TCF7	ENSG00000081059
5	rs2084007	133891282	AC005355.1	ENSG00000250994
5	rs2084007	133891282	AC109454.3	ENSG00000250564
5	rs2084007	133891282	JADE2	ENSG00000043143
5	rs2084007	133891282	LINC01843	ENSG00000251169
5	rs2084007	133891282	SAR1B	ENSG00000152700
5	rs2084007	133891282	SEC24A	ENSG00000113615
5	rs249677	141539339	NDFIP1	ENSG00000131507
5	rs2546890	158759900	AC008691.1	ENSG00000249738
5	rs2546890	158759900	AC134043.1	ENSG00000253256
5	rs2546890	158759900	IL12B	ENSG00000113302
5	rs2546890	158759900	LINC01932	ENSG00000253315
5	rs2546890	158759900	UBLCP1	ENSG00000164332
5	rs35716097	176806636	DBN1	ENSG00000113758
5	rs35716097	176806636	F12	ENSG00000131187
5	rs35716097	176806636	GRK6	ENSG00000198055
5	rs35716097	176806636	LMAN2	ENSG00000169223
5	rs35716097	176806636	MXD3	ENSG00000213347
5	rs35716097	176806636	NSD1	ENSG00000165671
5	rs35716097	176806636	PFN3	ENSG00000196570
5	rs35716097	176806636	PRELID1	ENSG00000169230
5	rs35716097	176806636	PRR7	ENSG00000131188
5	rs35716097	176806636	PRR7-AS1	ENSG00000246334
5	rs35716097	176806636	RAB24	ENSG00000169228
5	rs35716097	176806636	RGS14	ENSG00000169220
5	rs35716097	176806636	SLC34A1	ENSG00000131183
6	rs13193887	7128198	RREB1	ENSG00000124782
6	rs17119	14719496	AL138720.1	ENSG00000234261
6	rs719316	16672760	AL137003.1	ENSG00000229931
6	rs719316	16672760	AL137003.2	ENSG00000272341
6	rs719316	16672760	ATXN1	ENSG00000124788
6	rs879036	36349890	C6orf222	ENSG00000189325
6	rs879036	36349890	ETV7	ENSG00000010030
6	rs879036	36349890	KCTD20	ENSG00000112078
6	rs879036	36349890	PNPLA1	ENSG00000180316
6	rs879036	36349890	PXT1	ENSG00000179165
6	rs879036	36349890	Z84484.1	ENSG00000224666
6	rs72928038	90976768	AL132996.1	ENSG00000260271
6	rs72928038	90976768	BACH2	ENSG00000112182
6	rs11542663	119215402	AL365275.1	ENSG00000253194
6	rs11542663	119215402	ASF1A	ENSG00000111875
6	rs11542663	119215402	FAM184A	ENSG00000111879
6	rs11542663	119215402	MCM9	ENSG00000111877
6	rs802725	128282029	AL590006.1	ENSG00000227945
6	rs802725	128282029	PTPRK	ENSG00000152894
6	rs802725	128282029	THEMIS	ENSG00000172673
6	rs6928313	130368508	AL355581.1	ENSG00000227678
6	rs6928313	130368508	L3MBTL3	ENSG00000198945
6	rs6928313	130368508	SAMD3	ENSG00000164483
6	rs9321490	135494875	AL023693.1	ENSG00000224374
6	rs9321490	135494875	HBS1L	ENSG00000112339
6	rs9321490	135494875	MYB	ENSG00000118513
6	rs9321490	135494875	MYB-AS1	ENSG00000236703
6	rs12206850	135797808	AHI1	ENSG00000135541
6	rs12206850	135797808	LINC00271	ENSG00000231028
6	rs17066096	137452908	IFNGR1	ENSG00000027697
6	rs17066096	137452908	IL20RA	ENSG00000016402
6	rs17066096	137452908	IL22RA2	ENSG00000164485
6	rs35858108	137970958	AL356234.2	ENSG00000230533
6	rs35858108	137970958	AL356234.3	ENSG00000283265
6	rs35858108	137970958	LINC02539	ENSG00000234956
6	rs17780429	138222588	AL357060.1	ENSG00000237499
6	rs17780429	138222588	AL591468.1	ENSG00000226004
6	rs17780429	138222588	LINC02528	ENSG00000229922
6	rs17780429	138222588	TNFAIP3	ENSG00000118503
6	rs12206238	143867406	ADAT2	ENSG00000189007
6	rs12206238	143867406	FUCA2	ENSG00000001036
6	rs12206238	143867406	PEX3	ENSG00000034693
6	rs12206238	143867406	PHACTR2	ENSG00000112419
6	rs12206238	143867406	PHACTR2-AS1	ENSG00000235740
6	rs212397	159474624	AL035530.2	ENSG00000271913
6	rs212397	159474624	AL356417.1	ENSG00000224478
6	rs212397	159474624	AL356417.3	ENSG00000285492
6	rs212397	159474624	RSPH3	ENSG00000130363
6	rs212397	159474624	TAGAP	ENSG00000164691
7	rs6952809	2448493	CHST12	ENSG00000136213
7	rs6952809	2448493	EIF3B	ENSG00000106263
7	rs6952809	2448493	GRIFIN	ENSG00000275572
7	rs6952809	2448493	SNX8	ENSG00000106266
7	rs10951042	3139417	AC024028.1	ENSG00000228334
7	rs10951042	3139417	AC073316.1	ENSG00000217455
7	rs10951042	3139417	AC073316.2	ENSG00000231892
7	rs10951042	3139417	CARD11	ENSG00000198286
7	rs706015	27014988	SKAP2	ENSG00000005020
7	rs10245867	28142186	JAZF1	ENSG00000153814
7	rs10245867	28142186	JAZF1-AS1	ENSG00000234336
7	rs60600003	37382465	ELMO1	ENSG00000155849
7	rs921911	50241812	AC020743.1	ENSG00000228005
7	rs921911	50241812	AC020743.2	ENSG00000231681
7	rs921911	50241812	AC020743.3	ENSG00000235620
7	rs921911	50241812	SPATA48	ENSG00000164500
7	rs921911	50241812	ZPBP	ENSG00000042813
7	rs28625973	50334208	AC020743.2	ENSG00000231681
7	rs28625973	50334208	AC020743.3	ENSG00000235620
7	rs28625973	50334208	AC124014.1	ENSG00000285165
7	rs28625973	50334208	IKZF1	ENSG00000185811
7	rs3801275	105751772	CDHR3	ENSG00000128536
7	rs3801275	105751772	SYPL1	ENSG00000008282
7	rs4728142	128573967	ATP6V1F	ENSG00000128524
7	rs4728142	128573967	ATP6V1FNB	ENSG00000272899
7	rs4728142	128573967	FLNC	ENSG00000128591
7	rs4728142	128573967	FLNC-AS1	ENSG00000242902
7	rs4728142	128573967	IRF5	ENSG00000128604
7	rs4728142	128573967	KCP	ENSG00000135253
7	rs4728142	128573967	TNPO3	ENSG00000064419
7	rs10271373	138729795	KIAA1549	ENSG00000122778
7	rs10271373	138729795	TTC26	ENSG00000105948
7	rs10271373	138729795	ZC3HAV1	ENSG00000105939
7	rs10271373	138729795	ZC3HAV1L	ENSG00000146858
7	rs735120	149313811	KRBA1	ENSG00000133619
8	rs6999228	79557844	IL7	ENSG00000104432
8	rs6999228	79557844	PKIA	ENSG00000171033
8	rs6999228	79557844	PKIA-AS1	ENSG00000254266
8	rs6999228	79557844	ZC2HC1A	ENSG00000104427
8	rs78456818	95826590	AC087752.4	ENSG00000272509
8	rs78456818	95826590	AP003692.1	ENSG00000254307
8	rs78456818	95826590	CCNE2	ENSG00000175305
8	rs78456818	95826590	DPY19L4	ENSG00000156162
8	rs78456818	95826590	INTS8	ENSG00000164941
8	rs78456818	95826590	NDUFAF6	ENSG00000156170
8	rs2445610	128197088	PCAT1	ENSG00000253438
8	rs2445610	128197088	PRNCR1	ENSG00000282961
8	rs4410871	128815029	CASC11	ENSG00000249375
8	rs4410871	128815029	MYC	ENSG00000136997
8	rs4410871	128815029	PVT1	ENSG00000249859
8	rs16902700	129198885	PVT1	ENSG00000249859
8	rs7014582	144990528	EPPK1	ENSG00000261150
8	rs7014582	144990528	GRINA	ENSG00000178719
8	rs7014582	144990528	NRBP2	ENSG00000185189
8	rs7014582	144990528	PARP10	ENSG00000178685
8	rs7014582	144990528	PLEC	ENSG00000178209
8	rs7014582	144990528	PUF60	ENSG00000179950
8	rs7014582	144990528	SPATC1	ENSG00000186583
9	rs4743150	100740124	AL354726.1	ENSG00000236896
9	rs4743150	100740124	ANP32B	ENSG00000136938
9	rs4743150	100740124	HEMGN	ENSG00000136929
9	rs4743150	100740124	NANS	ENSG00000095380
9	rs4743150	100740124	TRIM14	ENSG00000106785
9	rs4743150	100740124	TRMO	ENSG00000136932
10	rs2104286	6099045	AL137186.1	ENSG00000229664
10	rs2104286	6099045	IL15RA	ENSG00000134470
10	rs2104286	6099045	IL2RA	ENSG00000134460
10	rs2104286	6099045	PFKFB3	ENSG00000170525
10	rs2104286	6099045	RBM17	ENSG00000134453
10	rs62626325	6121285	AL137186.1	ENSG00000229664
10	rs62626325	6121285	IL2RA	ENSG00000134460
10	rs62626325	6121285	PFKFB3	ENSG00000170525
10	rs62626325	6121285	RBM17	ENSG00000134453
10	rs1399180	8098719	AL390294.1	ENSG00000232638
10	rs1399180	8098719	GATA3	ENSG00000107485
10	rs1399180	8098719	GATA3-AS1	ENSG00000197308
10	rs1399180	8098719	TAF3	ENSG00000165632
10	rs793108	31415106	AL356258.1	ENSG00000272381
10	rs793108	31415106	ZEB1-AS1	ENSG00000237036
10	rs793108	31415106	ZNF438	ENSG00000183621
10	rs224032	64521829	ADO	ENSG00000181915
10	rs224032	64521829	AL133417.1	ENSG00000238280
10	rs224032	64521829	EGR2	ENSG00000122877
10	rs224032	64521829	ZNF365	ENSG00000138311
10	rs17741873	75653800	AC022400.1	ENSG00000224195
10	rs17741873	75653800	AC022400.2	ENSG00000229990
10	rs17741873	75653800	AC022400.7	ENSG00000272916
10	rs17741873	75653800	C10orf55	ENSG00000222047
10	rs17741873	75653800	CAMK2G	ENSG00000148660
10	rs17741873	75653800	NDST2	ENSG00000166507
10	rs17741873	75653800	PLAU	ENSG00000122861
10	rs17741873	75653800	ZSWIM8	ENSG00000214655
10	rs17741873	75653800	ZSWIM8-AS1	ENSG00000272589
10	rs1250568	81045280	AL133481.1	ENSG00000235426
10	rs1250568	81045280	PPIF	ENSG00000108179
10	rs1250568	81045280	ZCCHC24	ENSG00000165424
10	rs1250568	81045280	ZMIZ1	ENSG00000108175
10	rs7923837	94481917	HHEX	ENSG00000152804
10	rs7923837	94481917	KIF11	ENSG00000138160
11	rs1059091	309127	AC136475.1	ENSG00000251661
11	rs1059091	309127	AC136475.2	ENSG00000254910
11	rs1059091	309127	AC136475.3	ENSG00000255026
11	rs1059091	309127	AC136475.4	ENSG00000255089
11	rs1059091	309127	AC136475.5	ENSG00000255328
11	rs1059091	309127	AC136475.7	ENSG00000270030
11	rs1059091	309127	AC136475.8	ENSG00000270105
11	rs1059091	309127	AC136475.9	ENSG00000270972
11	rs1059091	309127	B4GALNT4	ENSG00000182272
11	rs1059091	309127	IFITM1	ENSG00000185885
11	rs1059091	309127	IFITM2	ENSG00000185201
11	rs1059091	309127	IFITM3	ENSG00000142089
11	rs1059091	309127	IFITM5	ENSG00000206013
11	rs1059091	309127	NLRP6	ENSG00000174885
11	rs1059091	309127	PGGHG	ENSG00000142102
11	rs1059091	309127	PKP3	ENSG00000184363
11	rs1059091	309127	PSMD13	ENSG00000185627
11	rs1059091	309127	RIC8A	ENSG00000177963
11	rs1059091	309127	SIGIRR	ENSG00000185187
11	rs1059091	309127	SIRT3	ENSG00000142082
11	rs11023242	14529099	AC018523.2	ENSG00000256206
11	rs11023242	14529099	COPB1	ENSG00000129083
11	rs11023242	14529099	PSMA1	ENSG00000129084
11	rs116970203	14876718	CALCB	ENSG00000175868
11	rs116970203	14876718	CYP2R1	ENSG00000186104
11	rs116970203	14876718	PDE3B	ENSG00000152270
11	rs3931757	36437982	AC009656.1	ENSG00000255060
11	rs3931757	36437982	AC087277.1	ENSG00000254566
11	rs3931757	36437982	PRR5L	ENSG00000135362
11	rs3931757	36437982	RAG1	ENSG00000166349
11	rs3931757	36437982	TRAF6	ENSG00000175104
11	rs2957873	47249294	AC018410.1	ENSG00000256746
11	rs2957873	47249294	AC018410.2	ENSG00000256897
11	rs2957873	47249294	AC090589.2	ENSG00000255520
11	rs2957873	47249294	ACP2	ENSG00000134575
11	rs2957873	47249294	ARFGAP2	ENSG00000149182
11	rs2957873	47249294	C11orf49	ENSG00000149179
11	rs2957873	47249294	DDB2	ENSG00000134574
11	rs2957873	47249294	MADD	ENSG00000110514
11	rs2957873	47249294	NR1H3	ENSG00000025434
11	rs2957873	47249294	PACSIN3	ENSG00000165912
11	rs506616	60835043	AP003721.2	ENSG00000256733
11	rs506616	60835043	CD5	ENSG00000110448
11	rs506616	60835043	CD6	ENSG00000013725
11	rs506616	60835043	VPS37C	ENSG00000167987
11	rs694739	64097233	AP001453.1	ENSG00000256116
11	rs694739	64097233	AP001453.2	ENSG00000256940
11	rs694739	64097233	AP001453.4	ENSG00000257086
11	rs694739	64097233	AP003774.2	ENSG00000231492
11	rs694739	64097233	AP003774.3	ENSG00000231680
11	rs694739	64097233	AP003774.4	ENSG00000236935
11	rs694739	64097233	BAD	ENSG00000002330
11	rs694739	64097233	CATSPERZ	ENSG00000219435
11	rs694739	64097233	CCDC88B	ENSG00000168071
11	rs694739	64097233	DNAJC4	ENSG00000110011
11	rs694739	64097233	ESRRA	ENSG00000173153
11	rs694739	64097233	FKBP2	ENSG00000173486
11	rs694739	64097233	GPR137	ENSG00000173264
11	rs694739	64097233	KCNK4	ENSG00000182450
11	rs694739	64097233	NUDT22	ENSG00000149761
11	rs694739	64097233	PLCB3	ENSG00000149782
11	rs694739	64097233	PPP1R14B	ENSG00000173457
11	rs694739	64097233	PRDX5	ENSG00000126432
11	rs694739	64097233	RPS6KA4	ENSG00000162302
11	rs694739	64097233	TRMT112	ENSG00000173113
11	rs694739	64097233	VEGFB	ENSG00000173511
11	rs531612	65705432	BANF1	ENSG00000175334
11	rs531612	65705432	C11orf68	ENSG00000175573
11	rs531612	65705432	CATSPER1	ENSG00000175294
11	rs531612	65705432	CCDC85B	ENSG00000175602
11	rs531612	65705432	CFL1	ENSG00000172757
11	rs531612	65705432	CST6	ENSG00000175315
11	rs531612	65705432	CTSW	ENSG00000172543
11	rs531612	65705432	DRAP1	ENSG00000175550
11	rs531612	65705432	EFEMP2	ENSG00000172638
11	rs531612	65705432	EIF1AD	ENSG00000175376
11	rs531612	65705432	FIBP	ENSG00000172500
11	rs531612	65705432	FOSL1	ENSG00000175592
11	rs531612	65705432	MUS81	ENSG00000172732
11	rs531612	65705432	SART1	ENSG00000175467
11	rs531612	65705432	SNX32	ENSG00000172803
11	rs531612	65705432	TSGA10IP	ENSG00000175513
11	rs4409785	95311422	AP001790.1	ENSG00000250390
11	rs585039	118563381	AP000941.1	ENSG00000255176
11	rs585039	118563381	AP002954.1	ENSG00000255422
11	rs585039	118563381	AP004609.3	ENSG00000278376
11	rs585039	118563381	ARCN1	ENSG00000095139
11	rs585039	118563381	DDX6	ENSG00000110367
11	rs585039	118563381	PHLDB1	ENSG00000019144
11	rs585039	118563381	TREH	ENSG00000118094
11	rs12365699	118743286	AP004609.1	ENSG00000245869
11	rs12365699	118743286	AP004609.3	ENSG00000278376
11	rs12365699	118743286	BCL9L	ENSG00000186174
11	rs12365699	118743286	CXCR5	ENSG00000160683
11	rs12365699	118743286	DDX6	ENSG00000110367
11	rs12365699	118743286	FOXR1	ENSG00000176302
11	rs12365699	118743286	UPK2	ENSG00000110375
11	rs6589706	118747813	AP004609.1	ENSG00000245869
11	rs6589706	118747813	AP004609.3	ENSG00000278376
11	rs6589706	118747813	BCL9L	ENSG00000186174
11	rs6589706	118747813	CXCR5	ENSG00000160683
11	rs6589706	118747813	DDX6	ENSG00000110367
11	rs6589706	118747813	FOXR1	ENSG00000176302
11	rs6589706	118747813	UPK2	ENSG00000110375
11	rs77841686	118762073	AP004609.1	ENSG00000245869
11	rs77841686	118762073	AP004609.3	ENSG00000278376
11	rs77841686	118762073	BCL9L	ENSG00000186174
11	rs77841686	118762073	CXCR5	ENSG00000160683
11	rs77841686	118762073	FOXR1	ENSG00000176302
11	rs77841686	118762073	UPK2	ENSG00000110375
11	rs11605422	122534190	UBASH3B	ENSG00000154127
11	rs3809006	128410836	AP003397.1	ENSG00000254588
11	rs3809006	128410836	ETS1	ENSG00000134954
12	rs1800693	6440009	AC005840.2	ENSG00000256433
12	rs1800693	6440009	CD9	ENSG00000010278
12	rs1800693	6440009	LTBR	ENSG00000111321
12	rs1800693	6440009	PLEKHG6	ENSG00000008323
12	rs1800693	6440009	SCNN1A	ENSG00000111319
12	rs1800693	6440009	TNFRSF1A	ENSG00000067182
12	rs767455	6450945	AC005840.2	ENSG00000256433
12	rs767455	6450945	LTBR	ENSG00000111321
12	rs767455	6450945	PLEKHG6	ENSG00000008323
12	rs767455	6450945	SCNN1A	ENSG00000111319
12	rs767455	6450945	TNFRSF1A	ENSG00000067182
12	rs2364482	6502131	AC005840.2	ENSG00000256433
12	rs2364482	6502131	AC005840.4	ENSG00000276718
12	rs2364482	6502131	CD27	ENSG00000139193
12	rs2364482	6502131	LTBR	ENSG00000111321
12	rs2364482	6502131	MRPL51	ENSG00000111639
12	rs2364482	6502131	PLEKHG6	ENSG00000008323
12	rs2364482	6502131	SCNN1A	ENSG00000111319
12	rs2364482	6502131	TAPBPL	ENSG00000139192
12	rs2364482	6502131	TNFRSF1A	ENSG00000067182
12	rs2364482	6502131	VAMP1	ENSG00000139190
12	rs3764021	9833628	AC010186.1	ENSG00000256442
12	rs3764021	9833628	CD69	ENSG00000110848
12	rs3764021	9833628	CLEC2D	ENSG00000069493
12	rs3764021	9833628	CLECL1	ENSG00000184293
12	rs3764021	9833628	KLRB1	ENSG00000111796
12	rs3764021	9833628	LINC02390	ENSG00000256582
12	rs10877012	58162085	MARCH9	ENSG00000139266
12	rs10877012	58162085	AC025165.2	ENSG00000257342
12	rs10877012	58162085	AC025165.3	ENSG00000257921
12	rs10877012	58162085	AC025165.4	ENSG00000269903
12	rs10877012	58162085	AC025165.5	ENSG00000270039
12	rs10877012	58162085	AC083805.2	ENSG00000257953
12	rs10877012	58162085	AGAP2	ENSG00000135439
12	rs10877012	58162085	AGAP2-AS1	ENSG00000255737
12	rs10877012	58162085	AVIL	ENSG00000135407
12	rs10877012	58162085	CDK4	ENSG00000135446
12	rs10877012	58162085	CTDSP2	ENSG00000175215
12	rs10877012	58162085	CYP27B1	ENSG00000111012
12	rs10877012	58162085	EEF1AKMT3	ENSG00000123427
12	rs10877012	58162085	METTL1	ENSG00000037897
12	rs10877012	58162085	OS9	ENSG00000135506
12	rs10877012	58162085	TSFM	ENSG00000123297
12	rs10877012	58162085	TSPAN31	ENSG00000135452
12	rs61708525	94661453	AC073655.1	ENSG00000258172
12	rs61708525	94661453	AC073655.2	ENSG00000258365
12	rs61708525	94661453	AC123567.2	ENSG00000258035
12	rs61708525	94661453	CEP83	ENSG00000173588
12	rs61708525	94661453	PLXNC1	ENSG00000136040
12	rs3184504	111884608	ATXN2	ENSG00000204842
12	rs3184504	111884608	CUX2	ENSG00000111249
12	rs3184504	111884608	LINC02356	ENSG00000257595
12	rs3184504	111884608	PHETA1	ENSG00000198324
12	rs3184504	111884608	SH2B3	ENSG00000111252
12	rs883263	123485188	ABCB9	ENSG00000150967
12	rs883263	123485188	ARL6IP4	ENSG00000182196
12	rs883263	123485188	OGFOD2	ENSG00000111325
12	rs883263	123485188	PITPNM2	ENSG00000090975
12	rs883263	123485188	PITPNM2-AS1	ENSG00000251497
13	rs9562970	51002615	DLEU1-AS1	ENSG00000229323
13	rs4772201	100086259	AL136961.1	ENSG00000285448
13	rs4772201	100086259	AL139035.1	ENSG00000280710
13	rs4772201	100086259	LINC00449	ENSG00000203441
13	rs4772201	100086259	TM9SF2	ENSG00000125304
13	rs4772201	100086259	UBAC2	ENSG00000134882
14	rs4468527	52325131	AL079307.2	ENSG00000259111
14	rs4468527	52325131	AL358333.2	ENSG00000258928
14	rs4468527	52325131	GNG2	ENSG00000186469
14	rs8022092	69265564	ACTN1	ENSG00000072110
14	rs8022092	69265564	RAD51B	ENSG00000182185
14	rs8022092	69265564	ZFP36L1	ENSG00000185650
14	rs175706	75976200	AC007182.1	ENSG00000224721
14	rs175706	75976200	AF111167.2	ENSG00000259319
14	rs175706	75976200	BATF	ENSG00000156127
14	rs175706	75976200	FLVCR2	ENSG00000119686
14	rs175706	75976200	JDP2	ENSG00000140044
14	rs117822168	88504511	AL133279.2	ENSG00000258975
14	rs117822168	88504511	AL157955.1	ENSG00000258407
14	rs117822168	88504511	AL157955.2	ENSG00000258826
14	rs117822168	88504511	GALC	ENSG00000054983
14	rs117822168	88504511	GPR65	ENSG00000140030
14	rs117822168	88504511	LINC01146	ENSG00000258867
14	rs10141746	103237259	AL132801.1	ENSG00000259508
14	rs10141746	103237259	RCOR1	ENSG00000089902
14	rs10141746	103237259	TRAF3	ENSG00000131323
14	rs8006649	103276855	AL132801.1	ENSG00000259508
14	rs8006649	103276855	RCOR1	ENSG00000089902
14	rs8006649	103276855	TRAF3	ENSG00000131323
15	rs10152892	79231203	AC011944.1	ENSG00000177699
15	rs10152892	79231203	CTSH	ENSG00000103811
15	rs10152892	79231203	MORF4L1	ENSG00000185787
15	rs10152892	79231203	RASGRF1	ENSG00000058335
15	rs7183707	90883733	AC018946.1	ENSG00000259177
15	rs7183707	90883733	AC091167.2	ENSG00000261147
15	rs7183707	90883733	AC091167.5	ENSG00000275345
15	rs7183707	90883733	AC091167.6	ENSG00000275674
15	rs7183707	90883733	AC091167.7	ENSG00000284626
15	rs7183707	90883733	GDPGP1	ENSG00000183208
15	rs7183707	90883733	IQGAP1	ENSG00000140575
15	rs7183707	90883733	NGRN	ENSG00000182768
15	rs7183707	90883733	TTLL13P	ENSG00000213471
15	rs7183707	90883733	ZNF774	ENSG00000196391
16	rs108990	1065433	AC009041.1	ENSG00000260496
16	rs108990	1065433	AC009041.2	ENSG00000260807
16	rs108990	1065433	AC009041.3	ENSG00000261720
16	rs108990	1065433	AL031598.1	ENSG00000260532
16	rs108990	1065433	C1QTNF8	ENSG00000184471
16	rs108990	1065433	LMF1	ENSG00000103227
16	rs108990	1065433	LMF1-AS1	ENSG00000260439
16	rs108990	1065433	SOX8	ENSG00000005513
16	rs108990	1065433	SSTR5	ENSG00000162009
16	rs1985372	11114839	AC007014.1	ENSG00000262020
16	rs1985372	11114839	CIITA	ENSG00000179583
16	rs1985372	11114839	CLEC16A	ENSG00000038532
16	rs1985372	11114839	DEXI	ENSG00000182108
16	rs12708716	11179873	AC007014.1	ENSG00000262020
16	rs12708716	11179873	CLEC16A	ENSG00000038532
16	rs12928822	11403893	AC007220.1	ENSG00000263033
16	rs12928822	11403893	AC009121.1	ENSG00000262703
16	rs12928822	11403893	AC009121.2	ENSG00000263080
16	rs12928822	11403893	AC099489.1	ENSG00000188897
16	rs12928822	11403893	PRM1	ENSG00000175646
16	rs12928822	11403893	PRM2	ENSG00000122304
16	rs12928822	11403893	PRM3	ENSG00000178257
16	rs12928822	11403893	RMI2	ENSG00000175643
16	rs12928822	11403893	SOCS1	ENSG00000185338
16	rs12928822	11403893	TNP2	ENSG00000178279
16	rs36090551	11443873	AC009121.1	ENSG00000262703
16	rs36090551	11443873	AC009121.2	ENSG00000263080
16	rs36090551	11443873	AC099489.1	ENSG00000188897
16	rs36090551	11443873	PRM1	ENSG00000175646
16	rs36090551	11443873	PRM2	ENSG00000122304
16	rs36090551	11443873	PRM3	ENSG00000178257
16	rs36090551	11443873	RMI2	ENSG00000175643
16	rs36090551	11443873	SOCS1	ENSG00000185338
16	rs36090551	11443873	TNP2	ENSG00000178279
16	rs4609871	29932064	AC009133.1	ENSG00000238045
16	rs4609871	29932064	AC120114.1	ENSG00000247735
16	rs4609871	29932064	AC120114.3	ENSG00000278713
16	rs4609871	29932064	AC120114.5	ENSG00000281348
16	rs4609871	29932064	ASPHD1	ENSG00000174939
16	rs4609871	29932064	CDIPT	ENSG00000103502
16	rs4609871	29932064	DOC2A	ENSG00000149927
16	rs4609871	29932064	HIRIP3	ENSG00000149929
16	rs4609871	29932064	INO80E	ENSG00000169592
16	rs4609871	29932064	KCTD13	ENSG00000174943
16	rs4609871	29932064	MVP	ENSG00000013364
16	rs4609871	29932064	SEZ6L2	ENSG00000174938
16	rs4609871	29932064	TAOK2	ENSG00000149930
16	rs4609871	29932064	TMEM219	ENSG00000149932
16	rs9937051	57106671	AC009090.2	ENSG00000260148
16	rs9937051	57106671	AC023825.2	ENSG00000260145
16	rs9937051	57106671	CETP	ENSG00000087237
16	rs9937051	57106671	CPNE2	ENSG00000140848
16	rs9937051	57106671	FAM192A	ENSG00000172775
16	rs9937051	57106671	NLRC5	ENSG00000140853
16	rs12925972	79111297	AC009145.3	ENSG00000260694
16	rs12925972	79111297	WWOX	ENSG00000186153
16	rs17797448	79348278	AC092376.1	ENSG00000261722
16	rs7196953	79649394	AC009159.1	ENSG00000275040
16	rs7196953	79649394	AC009159.2	ENSG00000277214
16	rs7196953	79649394	AC009159.3	ENSG00000278058
16	rs7196953	79649394	AC084064.1	ENSG00000261472
16	rs7196953	79649394	LINC01229	ENSG00000260876
16	rs7196953	79649394	MAF	ENSG00000178573
16	rs7196953	79649394	MAFTRR	ENSG00000261390
17	rs2306593	34866546	DHRS11	ENSG00000278535
17	rs2306593	34866546	GGNBP2	ENSG00000278311
17	rs2306593	34866546	MRM1	ENSG00000278619
17	rs2306593	34866546	MYO19	ENSG00000278259
17	rs2306593	34866546	PIGW	ENSG00000277161
17	rs2306593	34866546	TBC1D3F	ENSG00000275954
17	rs2306593	34866546	ZNHIT3	ENSG00000273611
17	rs9909593	37970149	ERBB2	ENSG00000141736
17	rs9909593	37970149	GRB7	ENSG00000141738
17	rs9909593	37970149	GSDMB	ENSG00000073605
17	rs9909593	37970149	IKZF3	ENSG00000161405
17	rs9909593	37970149	MIEN1	ENSG00000141741
17	rs9909593	37970149	ZPBP2	ENSG00000186075
17	rs883871	38252660	AC090844.3	ENSG00000265799
17	rs883871	38252660	CASC3	ENSG00000108349
17	rs883871	38252660	CSF3	ENSG00000108342
17	rs883871	38252660	MED24	ENSG00000008838
17	rs883871	38252660	MSL1	ENSG00000188895
17	rs883871	38252660	NR1D1	ENSG00000126368
17	rs883871	38252660	PSMD3	ENSG00000108344
17	rs883871	38252660	RAPGEFL1	ENSG00000108352
17	rs883871	38252660	THRA	ENSG00000126351
17	rs17886724	40496163	AC099811.4	ENSG00000267758
17	rs17886724	40496163	CAVIN1	ENSG00000177469
17	rs17886724	40496163	STAT3	ENSG00000168610
17	rs17886724	40496163	STAT5A	ENSG00000126561
17	rs17886724	40496163	STAT5B	ENSG00000173757
17	rs7216796	43392208	AC003070.1	ENSG00000267344
17	rs7216796	43392208	AC003070.2	ENSG00000267446
17	rs7216796	43392208	AC008105.1	ENSG00000233175
17	rs7216796	43392208	AC008105.3	ENSG00000267121
17	rs7216796	43392208	ARHGAP27	ENSG00000159314
17	rs7216796	43392208	FMNL1	ENSG00000184922
17	rs7216796	43392208	MAP3K14	ENSG00000006062
17	rs7216796	43392208	MAP3K14-AS1	ENSG00000267278
17	rs7216796	43392208	SPATA32	ENSG00000184361
17	rs11079784	45702280	AC015674.1	ENSG00000264558
17	rs11079784	45702280	AC025682.1	ENSG00000263766
17	rs11079784	45702280	KPNB1	ENSG00000108424
17	rs11079784	45702280	NPEPPS	ENSG00000141279
17	rs11079784	45702280	TBKBP1	ENSG00000198933
17	rs8070345	57816757	CLTC	ENSG00000141367
17	rs8070345	57816757	PTRH2	ENSG00000141378
17	rs8070345	57816757	VMP1	ENSG00000062716
17	rs9913257	73320893	AC011933.3	ENSG00000265342
17	rs9913257	73320893	AC011933.4	ENSG00000265987
17	rs9913257	73320893	AC022211.2	ENSG00000263843
17	rs9913257	73320893	GGA3	ENSG00000125447
17	rs9913257	73320893	GRB2	ENSG00000177885
17	rs9913257	73320893	MIF4GD	ENSG00000125457
17	rs9913257	73320893	MRPS7	ENSG00000125445
17	rs9913257	73320893	NUP85	ENSG00000125450
17	rs9913257	73320893	SLC25A19	ENSG00000125454
18	rs9947399	56271544	AC104365.1	ENSG00000267476
18	rs9947399	56271544	AC104971.2	ENSG00000267579
18	rs9947399	56271544	AC104971.3	ENSG00000275418
18	rs9947399	56271544	AC105105.1	ENSG00000267257
18	rs9947399	56271544	ALPK2	ENSG00000198796
18	rs9947399	56271544	MALT1	ENSG00000172175
18	rs4545915	56422868	AC104365.1	ENSG00000267476
18	rs4545915	56422868	AC104365.2	ENSG00000267501
18	rs4545915	56422868	AC104365.3	ENSG00000267705
18	rs4545915	56422868	AC104971.3	ENSG00000275418
18	rs4545915	56422868	LINC01926	ENSG00000267593
18	rs4545915	56422868	MALT1	ENSG00000172175
18	rs1610555	67543147	CD226	ENSG00000150637
18	rs1610555	67543147	DOK6	ENSG00000206052
19	rs2992	4443046	AC007292.1	ENSG00000267980
19	rs2992	4443046	AC007292.2	ENSG00000269318
19	rs2992	4443046	AC007292.3	ENSG00000269807
19	rs2992	4443046	AC011498.1	ENSG00000267011
19	rs2992	4443046	AC011498.2	ENSG00000267030
19	rs2992	4443046	AC011498.3	ENSG00000267255
19	rs2992	4443046	AC011498.4	ENSG00000267385
19	rs2992	4443046	AC011498.6	ENSG00000267769
19	rs2992	4443046	AC104521.1	ENSG00000269425
19	rs2992	4443046	CHAF1A	ENSG00000167670
19	rs2992	4443046	HDGFL2	ENSG00000167674
19	rs2992	4443046	LRG1	ENSG00000171236
19	rs2992	4443046	MPND	ENSG00000008382
19	rs2992	4443046	PLIN4	ENSG00000167676
19	rs2992	4443046	PLIN5	ENSG00000214456
19	rs2992	4443046	SEMA6B	ENSG00000167680
19	rs2992	4443046	SH3GL1	ENSG00000141985
19	rs2992	4443046	UBXN6	ENSG00000167671
19	rs1077667	6668972	AC008760.1	ENSG00000269680
19	rs1077667	6668972	C3	ENSG00000125730
19	rs1077667	6668972	CD70	ENSG00000125726
19	rs1077667	6668972	GPR108	ENSG00000125734
19	rs1077667	6668972	SH2D3A	ENSG00000125731
19	rs1077667	6668972	TNFSF14	ENSG00000125735
19	rs1077667	6668972	TRIP10	ENSG00000125733
19	rs34536443	10463118	AC011511.1	ENSG00000167807
19	rs34536443	10463118	AC011511.2	ENSG00000266978
19	rs34536443	10463118	AC011511.3	ENSG00000267105
19	rs34536443	10463118	AC011511.4	ENSG00000267303
19	rs34536443	10463118	AC011511.5	ENSG00000267607
19	rs34536443	10463118	AC114271.1	ENSG00000274425
19	rs34536443	10463118	CDC37	ENSG00000105401
19	rs34536443	10463118	FDX2	ENSG00000267673
19	rs34536443	10463118	ICAM1	ENSG00000090339
19	rs34536443	10463118	ICAM3	ENSG00000076662
19	rs34536443	10463118	ICAM4	ENSG00000105371
19	rs34536443	10463118	ICAM5	ENSG00000105376
19	rs34536443	10463118	MRPL4	ENSG00000105364
19	rs34536443	10463118	PDE4A	ENSG00000065989
19	rs34536443	10463118	RAVER1	ENSG00000161847
19	rs34536443	10463118	TYK2	ENSG00000105397
19	rs34536443	10463118	ZGLP1	ENSG00000220201
19	rs1051738	10577843	ATG4D	ENSG00000130734
19	rs1051738	10577843	CDC37	ENSG00000105401
19	rs1051738	10577843	CDKN2D	ENSG00000129355
19	rs1051738	10577843	KEAP1	ENSG00000079999
19	rs1051738	10577843	KRI1	ENSG00000129347
19	rs1051738	10577843	PDE4A	ENSG00000065989
19	rs1051738	10577843	S1PR5	ENSG00000180739
19	rs1051738	10577843	TYK2	ENSG00000105397
19	rs12460421	10981352	C19orf38	ENSG00000214212
19	rs12460421	10981352	CARM1	ENSG00000142453
19	rs12460421	10981352	DNM2	ENSG00000079805
19	rs12460421	10981352	SMARCA4	ENSG00000127616
19	rs12460421	10981352	TIMM29	ENSG00000142444
19	rs12460421	10981352	TMED1	ENSG00000099203
19	rs12460421	10981352	YIPF2	ENSG00000130733
19	rs1870071	16505106	AC008764.1	ENSG00000141979
19	rs1870071	16505106	AC020911.2	ENSG00000267275
19	rs1870071	16505106	AC020917.2	ENSG00000267703
19	rs1870071	16505106	AC020917.3	ENSG00000277825
19	rs1870071	16505106	CALR3	ENSG00000269058
19	rs1870071	16505106	EPS15L1	ENSG00000127527
19	rs1870071	16505106	KLF2	ENSG00000127528
19	rs11554159	18285944	AC005759.1	ENSG00000268650
19	rs11554159	18285944	AC007192.1	ENSG00000268173
19	rs11554159	18285944	AC007192.2	ENSG00000269145
19	rs11554159	18285944	AC008397.1	ENSG00000284797
19	rs11554159	18285944	AC008397.2	ENSG00000285188
19	rs11554159	18285944	IFI30	ENSG00000216490
19	rs11554159	18285944	IL12RB1	ENSG00000096996
19	rs11554159	18285944	IQCN	ENSG00000130518
19	rs11554159	18285944	MAST3	ENSG00000099308
19	rs11554159	18285944	MPV17L2	ENSG00000254858
19	rs11554159	18285944	PDE4C	ENSG00000105650
19	rs11554159	18285944	PIK3R2	ENSG00000105647
19	rs11554159	18285944	RAB3A	ENSG00000105649
19	rs7260482	45143942	AC243964.2	ENSG00000266903
19	rs7260482	45143942	CEACAM16	ENSG00000213892
19	rs7260482	45143942	CEACAM19	ENSG00000186567
19	rs7260482	45143942	IGSF23	ENSG00000216588
19	rs7260482	45143942	PVR	ENSG00000073008
19	rs307896	47661493	BBC3	ENSG00000105327
19	rs307896	47661493	CCDC9	ENSG00000105321
19	rs307896	47661493	SAE1	ENSG00000142230
19	rs307896	47661493	ZC3H4	ENSG00000130749
19	rs8107548	49870643	AC010524.1	ENSG00000268157
19	rs8107548	49870643	AC010619.1	ENSG00000269469
19	rs8107548	49870643	AC010643.1	ENSG00000268686
19	rs8107548	49870643	AC011450.1	ENSG00000197813
19	rs8107548	49870643	ALDH16A1	ENSG00000161618
19	rs8107548	49870643	CCDC155	ENSG00000161609
19	rs8107548	49870643	CD37	ENSG00000104894
19	rs8107548	49870643	DKKL1	ENSG00000104901
19	rs8107548	49870643	GFY	ENSG00000261949
19	rs8107548	49870643	PIH1D1	ENSG00000104872
19	rs8107548	49870643	PTH2	ENSG00000142538
19	rs8107548	49870643	SLC17A7	ENSG00000104888
19	rs8107548	49870643	SLC6A16	ENSG00000063127
19	rs8107548	49870643	TEAD2	ENSG00000074219
20	rs6072343	39968188	CHD6	ENSG00000124177
20	rs6072343	39968188	EMILIN3	ENSG00000183798
20	rs6072343	39968188	LPIN3	ENSG00000132793
20	rs6072343	39968188	ZHX3	ENSG00000174306
20	rs4812773	42579148	LINC01728	ENSG00000233277
20	rs4812773	42579148	TOX2	ENSG00000124191
20	rs6032662	44734310	AL031687.1	ENSG00000229957
20	rs6032662	44734310	CD40	ENSG00000101017
20	rs6032662	44734310	CDH22	ENSG00000149654
20	rs6032662	44734310	MMP9	ENSG00000100985
20	rs6032662	44734310	NCOA5	ENSG00000124160
20	rs6032662	44734310	SLC12A5	ENSG00000124140
20	rs6032662	44734310	SLC12A5-AS1	ENSG00000204044
20	rs719219	48435408	SLC9A8	ENSG00000197818
20	rs719219	48435408	SPATA2	ENSG00000158480
20	rs2616277	52745040	BCAS1	ENSG00000064787
20	rs2616277	52745040	CYP24A1	ENSG00000019186
20	rs2616277	52745040	PFDN4	ENSG00000101132
20	rs2248359	52791518	CYP24A1	ENSG00000019186
20	rs2248359	52791518	PFDN4	ENSG00000101132
20	rs1151625	62369997	AL121845.1	ENSG00000229299
20	rs1151625	62369997	AL121845.2	ENSG00000273047
20	rs1151625	62369997	AL121845.3	ENSG00000273154
20	rs1151625	62369997	AL121845.4	ENSG00000274501
20	rs1151625	62369997	ARFRP1	ENSG00000101246
20	rs1151625	62369997	LIME1	ENSG00000203896
20	rs1151625	62369997	RTEL1	ENSG00000258366
20	rs1151625	62369997	RTEL1-TNFRSF6B	ENSG00000026036
20	rs1151625	62369997	SLC2A4RG	ENSG00000125520
20	rs1151625	62369997	STMN3	ENSG00000197457
20	rs1151625	62369997	TNFRSF6B	ENSG00000243509
20	rs1151625	62369997	ZBTB46	ENSG00000130584
20	rs1151625	62369997	ZBTB46-AS1	ENSG00000231208
20	rs1151625	62369997	ZGPAT	ENSG00000197114
21	rs9808753	34787312	AP000302.1	ENSG00000231355
21	rs9808753	34787312	DNAJC28	ENSG00000177692
21	rs9808753	34787312	GART	ENSG00000159131
21	rs9808753	34787312	IFNAR1	ENSG00000142166
21	rs9808753	34787312	IFNGR2	ENSG00000159128
21	rs9808753	34787312	TMEM50B	ENSG00000142188
21	rs1041796	39852472	ERG	ENSG00000157554
22	rs2283792	22131125	MAPK1	ENSG00000100030
22	rs2283792	22131125	PPIL2	ENSG00000100023
22	rs2283792	22131125	YPEL1	ENSG00000100027
22	rs2027982	31593435	INPP5J	ENSG00000185133
22	rs2027982	31593435	LIMK2	ENSG00000182541
22	rs2027982	31593435	PIK3IP1	ENSG00000100100
22	rs2027982	31593435	PIK3IP1-AS1	ENSG00000228839
22	rs2027982	31593435	PLA2G3	ENSG00000100078
22	rs2027982	31593435	RNF185	ENSG00000138942
22	rs2027982	31593435	RNF185-AS1	ENSG00000254835
22	rs2027982	31593435	SELENOM	ENSG00000198832
22	rs2027982	31593435	SMTN	ENSG00000183963
22	rs4821544	37258503	CSF2RB	ENSG00000100368
22	rs4821544	37258503	IFT27	ENSG00000100360
22	rs4821544	37258503	NCF4	ENSG00000100365
22	rs4821544	37258503	NCF4-AS1	ENSG00000183822
22	rs4821544	37258503	PVALB	ENSG00000100362
22	rs4821544	37258503	Z82185.1	ENSG00000234979
22	rs2413436	37312561	CSF2RB	ENSG00000100368
22	rs2413436	37312561	NCF4	ENSG00000100365
22	rs2413436	37312561	NCF4-AS1	ENSG00000183822
22	rs2413436	37312561	PVALB	ENSG00000100362
22	rs2413436	37312561	TEX33	ENSG00000185264
22	rs2413436	37312561	TST	ENSG00000128311
22	rs2413436	37312561	Z82180.1	ENSG00000215403
22	rs2413436	37312561	Z82185.1	ENSG00000234979
22	rs137956	40293463	ENTHD1	ENSG00000176177
22	rs137956	40293463	FAM83F	ENSG00000133477
22	rs137956	40293463	GRAP2	ENSG00000100351
22	rs137956	40293463	Z82206.1	ENSG00000225528
22	rs361725	50971047	ADM2	ENSG00000128165
22	rs361725	50971047	ARSA	ENSG00000100299
22	rs361725	50971047	CHKB	ENSG00000100288
22	rs361725	50971047	CHKB-CPT1B	ENSG00000254413
22	rs361725	50971047	CHKB-DT	ENSG00000205559
22	rs361725	50971047	CPT1B	ENSG00000205560
22	rs361725	50971047	KLHDC7B	ENSG00000130487
22	rs361725	50971047	LMF2	ENSG00000100258
22	rs361725	50971047	MAPK8IP2	ENSG00000008735
22	rs361725	50971047	MIOX	ENSG00000100253
22	rs361725	50971047	NCAPH2	ENSG00000025770
22	rs361725	50971047	ODF3B	ENSG00000177989
22	rs361725	50971047	PPP6R2	ENSG00000100239
22	rs361725	50971047	SBF1	ENSG00000100241
22	rs361725	50971047	SCO2	ENSG00000130489
22	rs361725	50971047	SCO2	ENSG00000284194
22	rs361725	50971047	SYCE3	ENSG00000217442
22	rs361725	50971047	TYMP	ENSG00000025708
22	rs361725	50971047	U62317.2	ENSG00000272666
22	rs361725	50971047	U62317.3	ENSG00000272821
22	rs361725	50971047	U62317.4	ENSG00000272940
22	rs361725	50971047	U62317.5	ENSG00000273272
17	.	38023745	ORMDL3	NA
6	.	31583155	AIF1	NA
6	.	32605884	HLA-DQB1	NA
6	.	32397309	HLA-DRB5	NA
6	.	32611982	HLA-DQA2	NA
